PSC 9754, Box 8476, APO AE 47340;AB-;Hill, Walker and Garrison;Gaffer;everettsummer@hotmail.com;Michael Williams;2350 Lisa Inlet, Lake Shanemouth, KY 78401;M;123-43-0553;deborahclark
63995 Jillian Hill, Wilkinsonmouth, MS 29606;AB+;Newman-Rodriguez;Technical sales engineer;mason00@gmail.com;Ross Hanson;490 Kenneth Manor, Austintown, WA 30315;M;003-63-0748;reeddonald
60647 Christie Landing, Johntown, KS 06547;B-;Tate Group;Computer games developer;dgood@yahoo.com;Linda Reilly MD;88203 Michele Pass Apt. 861, Port Paulburgh, OK 40446;F;312-40-2431;ericbarnes
181 David View Suite 801, Lake Jose, KY 95958;A-;Rios-Sanchez;Product designer;lwilliams@gmail.com;Lisa Mendoza;38663 Donna Walks Apt. 564, North Christophershire, AL 94175;F;694-89-7718;rushkimberly
6097 Leslie Road, Martinezhaven, DC 54824;A-;Smith, Lopez and Baker;Embryologist, clinical;aroach@gmail.com;Mason Hawkins;2915 Gene Divide Apt. 167, New Stephanieberg, OH 12461;M;684-10-7675;jennahoward
Unit 4020 Box 7824, DPO AP 79441;AB-;Garcia-Walker;Primary school teacher;cramirez@yahoo.com;Jeffrey Young;0275 Hale Spur, Port John, MA 31930;M;683-97-2000;rwilson
45346 Thomas Mountains Apt. 113, Nicholschester, NH 34668;AB-;Quinn-Johnson;Occupational hygienist;ahill@hotmail.com;Angel Garcia;2864 Morales Corner Suite 181, Lake Katrina, NC 00822;M;166-86-1550;wilkinsonamy
522 Gray Fork Apt. 693, West Jonathan, LA 88986;O+;Wilson, Thomas and Hall;Producer, television/film/video;rbentley@gmail.com;Joseph Marks;845 Julie Trafficway Suite 281, Leemouth, NJ 19290;M;028-17-5500;elam
10450 Wendy Drives, Stoneside, OK 48230;O+;Parker, Hughes and Ball;Office manager;thomastammy@yahoo.com;Virginia Johnson;69507 Duffy Ways, Port Susantown, NC 75114;F;887-85-9142;ustephenson
2799 Anderson Crossroad, Jasonfurt, ME 02474;A-;Weiss Group;Museum/gallery exhibitions officer;tblake@hotmail.com;Matthew Guerrero;877 Horn Oval, Michelleshire, AR 24164;M;157-12-2745;alewis
225 West Dam Apt. 309, West Pedro, NC 82775;B-;Nicholson PLC;Research scientist (physical sciences);walkerscott@yahoo.com;Ryan Mills;724 Brian Via Apt. 915, Heatherburgh, TN 99887;M;734-31-5040;burkemaria
913 Rocha Mount Apt. 492, Brewerburgh, AR 01201;A-;Serrano-Brown;Press sub;todd11@yahoo.com;Brandon Stanton;921 Steven Common Apt. 712, Wrightmouth, AZ 28595;M;156-15-8312;pwalsh
67184 Kevin Mountain, Port Michelleport, SC 67152;B+;Smith Inc;Contractor;julieharrell@yahoo.com;Elizabeth Maxwell;855 Briggs Flats Suite 968, Owensstad, AL 02167;F;794-37-7896;chavezbethany
224 Daniel Lodge Suite 996, Leefurt, WY 13987;O-;Mejia, Walters and Flores;Programmer, multimedia;jason37@hotmail.com;Andrew Shelton;PSC 1834, Box 1015, APO AE 23142;M;314-96-0275;portermatthew
071 Julie Square Apt. 633, North Coreyport, KY 25307;B+;Spencer-Conway;Fitness centre manager;matthewswilliam@yahoo.com;Reginald Ramsey;6176 Ray Camp, South Larryfurt, MN 27213;M;430-14-4603;raymond04
463 Gonzalez Lights Apt. 156, Port Jessefurt, MO 97819;O+;Campbell-Willis;Fine artist;mary63@gmail.com;Roger Williams;491 Williams Burgs Apt. 641, Port Rachel, HI 28535;M;644-93-6953;bmedina
367 Jamie Track Apt. 903, Dickersontown, MO 32956;AB+;Patterson, Ramirez and Mills;Landscape architect;perry84@gmail.com;Chad Allen;53801 Vazquez Burgs, Lake Nancyhaven, WI 22435;M;875-32-9957;cynthia06
97177 Oconnell Streets Apt. 734, Wesleyview, HI 48071;AB+;Kim, White and Adams;Gaffer;veronicacastro@yahoo.com;Kayla Salinas;00864 Nicholas Viaduct Apt. 231, New Andrewfurt, WY 88730;F;745-19-7242;katrinawilcox
04919 Thompson Square, Port Rebekah, UT 44858;AB+;Mcdaniel, Wilson and Lowe;Learning disability nurse;williamskellie@hotmail.com;Lacey Little;72439 Richard Locks Apt. 252, Pagemouth, AR 38258;F;418-78-4492;whitekevin
89708 Sheryl Stream Apt. 910, North Mark, TN 61864;O-;Park Ltd;Warden/ranger;sawyerbrittany@yahoo.com;Scott Brown;4665 Kathleen Courts Apt. 348, Petersonland, KY 75205;M;766-75-4056;gochoa
6029 Hernandez Unions Suite 349, New Carlos, LA 13915;O+;Esparza, Cooper and Hughes;Make;jonesjustin@yahoo.com;Debra Gonzalez;01237 Horton Parkway Suite 616, Katherineton, IA 39263;F;865-59-3894;megansutton
0964 Dean Rapid, New Stephen, NY 29799;B+;Thompson-Webster;Field trials officer;michael25@hotmail.com;Henry Castillo;14209 Davis Mews Suite 228, Joeport, SD 69092;M;512-88-1963;teresa96
13738 Carroll Underpass Apt. 241, Mckeeton, NY 11624;AB+;Strickland-Palmer;Engineer, maintenance (IT);davenporttommy@hotmail.com;Jennifer Parks;9363 Jones Fords Suite 467, West Christopherfort, IA 12691;F;425-17-5679;christopher84
0966 Riley Mountains, East Robertbury, WY 82589;O+;Ferguson, Salazar and Kelley;Hotel manager;ybishop@hotmail.com;Natalie Rowe;49662 Samuel Gateway Apt. 390, New Jonathan, CT 45428;F;067-49-4494;walkerronald
PSC 0844, Box 3914, APO AE 44803;AB-;Sherman, Cunningham and Lamb;Buyer, industrial;andersoncarl@gmail.com;Joshua Garcia;60032 Miller Curve, New Kaitlynburgh, HI 86115;M;340-66-3113;sydneyyoung
3062 Cortez Lights, New Amy, SD 72083;B+;Rivas and Sons;Equities trader;kirbyjean@gmail.com;Melissa Green;7135 Hughes Green, South Dawnport, WI 87624;F;262-27-9486;austin28
USCGC Gibson, FPO AP 77068;O-;Jones-Bass;Psychologist, sport and exercise;tamarahill@yahoo.com;Joseph Gilbert;04297 Timothy Radial, New Bryce, CT 36661;M;482-37-6674;curtis14
4086 Carmen Neck, Port William, PA 12096;AB-;Thompson, Lucas and Wilson;Accountant, chartered certified;xwaller@gmail.com;Thomas Martinez;3855 Jennifer Mall, Hamptonmouth, MI 19854;M;550-20-5586;fsweeney
PSC 3413, Box 4490, APO AE 64401;AB-;Porter Inc;English as a foreign language teacher;simpsonpaula@yahoo.com;Joshua Harris;751 Nathan Harbor, Courtneyhaven, MO 24469;M;033-49-5121;torresrobin
91863 Goodman Meadows Suite 272, New Casey, NE 52133;B-;Weiss and Sons;Print production planner;josephyoung@yahoo.com;Ryan Rodriguez;USS Rogers, FPO AP 77109;M;098-76-4860;aperez
40025 Garcia Corners Suite 856, North Laura, PA 99498;O+;Brewer, Zuniga and Smith;Retail merchandiser;rosekayla@yahoo.com;Brandy Boyd;8062 Reyes Green, Michaelburgh, KY 45628;F;815-02-1741;jeffrey97
058 Jason Fork Apt. 700, Howardberg, NC 90488;AB-;Walker-Schwartz;Biomedical engineer;wcooper@gmail.com;Lisa Hammond;649 Skinner Summit Apt. 123, Melissaburgh, KY 38064;F;593-42-7327;christina51
962 Foster Ramp, Robertfort, KS 33395;O-;Sherman-Nguyen;Commercial horticulturist;bellluis@gmail.com;Rhonda Moran;4797 Jensen Fields, Kellerville, NV 64367;F;586-09-5837;michellebanks
08934 Ryan Crossroad Suite 182, Mooreside, OK 82900;B-;Williams, Gonzalez and Shepherd;Warden/ranger;schang@yahoo.com;Jessica Jordan;78621 Cole Ferry, Clintonberg, MN 17958;F;607-82-3950;bhebert
79570 Adams Stravenue, Lake Emily, TN 24879;O-;Brown, Ramsey and Barnett;Psychotherapist, dance movement;crystalconley@hotmail.com;Larry Fletcher;546 Samuel Manors Apt. 831, Guerreroburgh, NM 95013;M;041-19-3886;parksjames
7803 Anthony Cliffs Apt. 013, Ryanberg, MI 60468;A-;Drake Inc;Market researcher;sandrareyes@hotmail.com;Alexander Parker Jr.;127 Bush Mission Apt. 124, Millerport, ME 36891;M;871-04-5875;sherry33
3109 Charles Forks, Stevenport, AK 37854;B-;Molina, Miller and Diaz;Artist;dillon95@yahoo.com;Angela Johnson;52401 Michael Fort, Edwardsborough, FL 64830;F;338-41-2526;christopher08
90111 Mcpherson Fields, Danielshire, SC 01357;A+;Ortiz-Thompson;Water engineer;elizabeth41@hotmail.com;Monique Humphrey;70611 Pacheco Stravenue, West Margaret, NY 16062;F;503-33-2420;judith85
Unit 7129 Box 6246, DPO AE 44140;A-;Craig LLC;Youth worker;cball@hotmail.com;Elizabeth Lopez;513 Shannon Orchard Apt. 443, West Dawnview, NC 57472;F;534-82-8927;jeffrey82
08412 Elijah Alley, Wilsonbury, OH 50714;AB-;Hunter Group;Curator;amandabass@gmail.com;Scott Myers;Unit 8265 Box 1670, DPO AA 23149;M;451-75-8785;asolis
53544 Jose Freeway, Lake Ronald, NM 90337;AB+;Turner-Miller;Manufacturing systems engineer;moorematthew@yahoo.com;Joanna Lopez;943 Nancy Harbors Apt. 185, East Josephchester, RI 29138;F;184-45-8584;uhodges
4643 Cathy Junctions Suite 030, East Justin, WA 71694;B+;Torres, Walker and Martinez;Gaffer;melanieroth@hotmail.com;Debra Wright;2688 Johnson Flat Suite 750, Lake Christina, AZ 44654;F;041-54-3285;williamsmatthew
43816 Alexander Trace Suite 027, North Adam, AZ 30340;B-;Espinoza Ltd;Lighting technician, broadcasting/film/video;laurie42@gmail.com;Jonathan Austin;6670 Hunter Falls Apt. 411, Baxterbury, MN 69885;M;056-89-3115;sallykelly
Unit 3547 Box 9453, DPO AP 49194;AB-;Benjamin, Stark and Rhodes;Licensed conveyancer;wtyler@yahoo.com;Christopher Perez;867 Alyssa Plain, Sullivanshire, GA 99223;M;579-02-5991;trankimberly
89461 Gordon Pines Apt. 293, Port Heather, OH 81588;A+;Hicks Group;Editor, magazine features;david84@hotmail.com;Kaitlyn Erickson;144 Shane Cliff, Lake Diana, MN 17600;F;101-50-9643;tsimmons
2599 Jimenez Underpass, Matthewfurt, OK 56557;AB+;Martinez, Harris and Byrd;Biomedical scientist;thomasdeborah@gmail.com;Beth Martin;34528 Johnson Ferry Apt. 628, East Michelleberg, TX 21554;F;339-53-9662;cunninghammanuel
45185 Megan Summit Apt. 616, Amandaland, TX 20065;O-;Cole LLC;Banker;vsmith@yahoo.com;Maurice Clarke;58504 Roberts Motorway, Johnview, ME 94528;M;748-23-4085;charlesbolton
0858 Charles Extensions Apt. 120, Port Michelle, WI 45018;AB-;Medina-Wright;Research scientist (life sciences);dbray@yahoo.com;Joshua Perez;91801 Samantha Plains Suite 002, Lanceville, AK 14161;M;897-81-7977;usavage
588 Anderson Creek Apt. 913, Castillofurt, NV 95754;O-;Tyler, Young and Williams;Psychologist, forensic;joseph09@yahoo.com;Michele Moore;6333 Lisa Tunnel Suite 753, Lake Alexis, MA 60238;F;484-66-8992;deborah19
643 Cook Street Apt. 326, West Shawnmouth, TN 53007;O-;Barker-Ibarra;Tour manager;owensnancy@gmail.com;Emily Avila;7156 House Mews, Angelabury, WV 42084;F;195-34-4510;joneskathy
5877 Michael Islands Suite 282, West Elizabeth, MT 76166;AB+;Davis-Anderson;Designer, fashion/clothing;robertsjoshua@gmail.com;Joe Garcia;16065 Roberts Path, South Katelynborough, OK 24063;M;397-69-5347;nancythompson
399 Matthew Light, Wilsontown, WA 78339;AB+;Esparza, Quinn and Medina;Interior and spatial designer;peterstephens@yahoo.com;Jonathan Walker;9802 Nelson Mews, New Nichole, ME 10790;M;251-64-1009;dianahensley
2548 Aaron Isle, Erikview, NM 29750;AB-;Holder PLC;Financial trader;oconnorderek@yahoo.com;Deborah Johnston;7284 Garcia Fort, North Kevinfurt, MT 95658;F;537-13-8624;patrick97
75494 Brian Rue, Port Rhonda, HI 28844;B+;Howell, Woods and Poole;Biomedical engineer;melissatorres@yahoo.com;Steven Hart;8536 Mora Road, South Melissa, AZ 30093;M;236-16-0496;barrerajoseph
4599 Mary Freeway, West Lisamouth, RI 13738;AB+;Adams LLC;Therapist, horticultural;edward11@yahoo.com;Roy Davis;411 Jessica Well, North Derekstad, NH 41697;M;859-91-0752;davismark
4946 Tracy Mews Suite 051, North Seanbury, KS 47861;B-;Torres-Johnson;Teaching laboratory technician;loripierce@yahoo.com;Roberto Rose;571 Cannon Wells, Lake Ashley, WY 03150;M;217-07-6706;natalierobinson
530 Lewis Key Suite 079, Burnettport, DE 63681;O+;Guzman-Roberson;Early years teacher;anthony96@hotmail.com;Michael Nichols;7450 Robert Fork, Wilsonview, PA 16062;M;416-15-6222;robertschaefer
9132 Moore Wall Apt. 871, Heatherfort, NC 25701;B+;Smith, Levy and Dawson;Broadcast engineer;wendysmith@hotmail.com;Thomas Peterson;389 Dean Port Apt. 483, Danielside, IN 39284;M;269-44-0512;jared78
531 Lori Spur Apt. 039, Morganbury, AR 99038;B+;Ellis-Brown;Child psychotherapist;lmullins@gmail.com;William Gardner Jr.;234 Kevin Plains Suite 032, South Tammyview, AK 05258;M;573-32-7443;tamaraperez
434 April Fork Apt. 411, West Kristinaburgh, WA 07745;AB-;Reed-Pittman;Scientist, research (medical);michealhenry@yahoo.com;Misty Noble;179 Clark Spring, Port Melanieburgh, NM 35878;F;827-63-3263;zachary09
417 Lynch Pike Apt. 666, Paulfurt, IL 68977;A+;Cook-Ballard;Designer, textile;flee@hotmail.com;Bryan Clark;068 Mckay Street Suite 535, South Darrell, IN 98290;M;276-38-2600;tiffany17
918 Moore Ville Suite 061, New Kelliport, NH 38422;A+;Edwards, Scott and Stephens;Broadcast presenter;pbrown@hotmail.com;Lindsay Hall;71396 Ryan Rapids Apt. 002, South Patty, OH 93245;F;257-56-7471;rachael01
420 Rivera Meadow Suite 072, New Elizabeth, NJ 25617;AB-;Lewis PLC;Town planner;shannon84@yahoo.com;Daniel Reyes;84712 Curry Valley Suite 551, Lake David, IL 60653;M;818-84-6166;bharris
78977 Catherine Fork Suite 298, Port Mikemouth, WY 49033;B-;Palmer Inc;Designer, fashion/clothing;qpham@hotmail.com;James Howard;0762 Johnson Fall Apt. 301, West Eric, MO 77393;M;206-11-2388;jasonmartinez
0497 Newton Port Apt. 849, Hollymouth, WA 49523;AB+;Booth, Harris and Davis;Psychologist, sport and exercise;smithtimothy@hotmail.com;Jacob Lambert;724 Mary Ridges Suite 086, Beckshire, GA 38729;M;899-79-5964;steventhomas
3199 Nicole Wall, New Reneeview, OK 49481;O-;Young-Lewis;Optometrist;suttonandrew@gmail.com;Scott Baker;50506 Joseph Points Suite 166, Sullivanberg, DC 16227;M;033-34-1771;igray
27605 Todd Knoll Suite 166, Robertville, TX 89806;AB+;Hill-Thompson;Broadcast presenter;vincentpatricia@gmail.com;John Johnson;1846 Nguyen Path, South Daniel, NC 31842;M;249-83-8637;valeriebradley
351 Kyle Turnpike Suite 298, Lake Williamfort, IA 55311;O+;Butler-Swanson;Operations geologist;wclark@yahoo.com;Troy Wall;8969 Traci Trail Apt. 235, Juanchester, UT 30822;M;465-13-0087;ann66
PSC 9627, Box 8809, APO AE 79831;AB+;Miller, Moore and Bell;Barista;bkent@gmail.com;Brianna Brock;Unit 7408 Box 2327, DPO AE 35771;F;213-38-6401;andersonthomas
97496 Patel Views, South Marcus, VT 21292;O-;Gonzales, Johnson and Morris;Trading standards officer;townsendtiffany@hotmail.com;Robert Rice;90457 Anthony Course, Lisaside, UT 93440;M;190-60-9585;mbrowning
555 Hayden Locks Suite 550, New Dominicton, FL 48957;B-;Smith LLC;Development worker, international aid;duffyjerry@hotmail.com;Alexander Mercer;5401 Elliott Port, South Harold, NM 91855;M;380-84-3062;markkelley
Unit 1091 Box 8112, DPO AE 49114;AB-;George LLC;Engineer, civil (contracting);cgraves@yahoo.com;David Conley;0792 Elizabeth Island, Brandonville, WI 59484;M;642-47-3468;kmcgee
766 Lisa Burg, New Melaniebury, IL 54400;B+;Stuart, Mills and Brown;Lobbyist;sbrown@yahoo.com;Brandy Peterson;9345 Rivera Turnpike, Port Andre, MD 78938;F;491-09-4415;fjohnson
65290 Evans Loop, Johnsonfurt, SD 01643;O-;Williams PLC;Designer, exhibition/display;whiteveronica@yahoo.com;Denise Trujillo;23118 Rhonda Mountain, Port Jessicaport, LA 83382;F;360-01-6400;mwebb
013 Michael Center, Francisport, OH 27412;AB-;Dickson Ltd;Veterinary surgeon;judyperez@yahoo.com;Michael Robinson;733 Kiara Groves, Josephberg, MT 30852;M;063-38-9438;clarkmonica
51788 Anthony Mills Apt. 197, West Joshuamouth, NE 57020;O-;Anderson Ltd;Make;dburch@hotmail.com;James Olson;2493 Estes Hill, Aaronshire, SC 32085;M;254-56-3337;amccarty
859 Shaun Flats Apt. 372, Port Robert, VA 58598;B-;Martinez, Herrera and Dennis;Designer, textile;jlucero@gmail.com;Michael Kim;PSC 2313, Box 0925, APO AE 21956;M;564-48-6052;watsonkevin
496 Fernandez Shoals, New Margaretside, GA 41160;AB-;Peterson Ltd;Publishing copy;alexanderflores@yahoo.com;Bianca Wilson;7616 Navarro Falls Suite 151, Justinside, FL 53535;F;595-65-3536;jason39
636 Christy Knoll Suite 076, Lake Devin, NC 69492;AB-;Hamilton-Rodriguez;Clinical embryologist;russellcarlson@yahoo.com;Jose Hogan;39080 Peters Gateway Apt. 735, East Aprilbury, IA 37424;M;235-76-1693;tricia20
Unit 9759 Box 0312, DPO AE 84287;O+;Clements PLC;Engineer, materials;clarkelauren@yahoo.com;Tyler Wallace;197 Herrera Meadow Suite 056, Christopherport, ME 28880;M;233-26-3451;fordamanda
3813 Stone Keys, Armstrongfort, OH 72135;AB+;Henry-Ramsey;Armed forces technical officer;katrina15@gmail.com;Christina Osborn;489 Warren Hollow Suite 057, New Chelsea, NH 83152;F;838-61-7690;whitepenny
387 Claudia River, Tylerfurt, KY 85135;O+;Pierce LLC;Speech and language therapist;nicole32@gmail.com;Alexandra Edwards;42866 Grant Ramp, East Lindseyfort, MD 00577;F;330-33-2483;hopkinslisa
87594 Joseph Estate Apt. 565, Port Andrea, RI 41040;AB+;Graves-Stein;Ergonomist;robbinscurtis@gmail.com;Chad Roberts;8900 Susan Pine Apt. 332, Carolyntown, TX 22574;M;804-35-5079;mcintoshhannah
09559 Tiffany Spur, East Michelle, VT 24771;O+;Myers-Harris;Community education officer;gwalker@gmail.com;Donna Tucker;908 Hall Pine, Williamport, MD 85572;F;642-76-7444;courtneypeterson
0715 Rodney Mount Suite 891, Lake Shannon, SC 83242;AB+;Higgins LLC;Journalist, broadcasting;knightbeth@hotmail.com;Cody Jordan;320 Shields Plaza Apt. 855, Millerside, UT 72097;M;448-56-9073;douglasbailey
1418 Tara Keys, North Nancy, KS 15825;O-;Miles-Page;Applications developer;robert11@hotmail.com;Claudia Fitzgerald MD;3028 Shelley Orchard Suite 746, New Carlos, MS 38167;F;374-15-4552;jacquelinepollard
9407 Ryan Point, South Michaelberg, ME 84094;A+;Hernandez, Bradshaw and Kelly;Nurse, children's;joan01@hotmail.com;Andrew Clark;01851 William Pines Apt. 764, North Daniellemouth, WV 33048;M;614-07-3973;meganmason
783 Guzman Pine, Diazport, SC 29017;O+;Burgess-Bowman;Air cabin crew;kellysuarez@gmail.com;Jacob Rios;142 Bryan Rapid, Robertoburgh, CA 46851;M;837-43-8017;jefferywhite
Unit 0612 Box 2733, DPO AA 48101;A-;Landry, Dillon and Gonzalez;Medical illustrator;andrebenjamin@gmail.com;Todd Frank;3917 Humphrey Crest Apt. 334, Garyshire, HI 04313;M;317-07-4254;brewermichael
8045 Galloway Fords Apt. 338, South Adamstad, AZ 01530;A-;Scott-Allen;Pension scheme manager;fmclaughlin@hotmail.com;James Lewis;430 Christopher Lakes, Thomasmouth, FL 34984;M;812-42-6368;kwhite
5865 King Inlet Suite 999, North Barbaramouth, NV 10530;B+;Smith, Robinson and Oneill;Management consultant;wilsontimothy@hotmail.com;Melissa Boone;09362 Nelson Motorway Suite 062, New Connieville, MT 11774;F;839-56-1845;howellphilip
2921 Christopher Manor Suite 217, Port Brent, HI 47543;A-;Robinson-White;Research scientist (medical);christine49@gmail.com;Scott Dixon;69927 Porter Fields Apt. 221, Evansstad, IA 86343;M;623-93-8089;smiddleton
PSC 9208, Box 1111, APO AP 16667;O-;Sanford, Lawrence and Ellison;Designer, television/film set;michelle07@hotmail.com;Cheyenne Kirk;87606 Morrison Valleys Suite 984, South Isabella, AR 48285;F;056-13-1030;joshua30
904 Deborah Union, South Austin, TN 37572;O+;Conway Inc;Learning disability nurse;kevin93@gmail.com;Todd Thompson;580 Henson Mission, South Audrey, NC 14204;M;831-76-3241;darrensmith
067 Tonya Ramp Suite 656, Sheastad, ID 22477;O-;Brown Ltd;Engineer, materials;george05@hotmail.com;Kelly Chapman;Unit 6524 Box 8700, DPO AP 23510;F;423-70-6717;vgray
930 John Loaf Suite 892, Davidtown, NC 67853;B-;Stewart-Middleton;Holiday representative;natashamorales@yahoo.com;Tracey Davis;225 John Lane, Zavalahaven, MI 75944;F;420-78-1601;scottalyssa
USCGC Hall, FPO AP 64019;O-;Jones, Guerrero and Garcia;Librarian, academic;michael89@hotmail.com;Bryan Conner;90338 David Junctions Suite 962, Samuelton, TX 17787;M;427-56-2268;ggonzalez
183 Freeman Shoal Apt. 838, North Jenniferton, WY 39094;B-;Pineda-Hall;Pensions consultant;thernandez@yahoo.com;Amber Gordon;682 Ramirez Fort, Petershire, AR 27618;F;892-77-3207;masseytammy
72314 John Square, South Melissaberg, OK 74445;A-;Horton, Dean and Stevenson;Teaching laboratory technician;olsonlinda@gmail.com;Keith Cox;407 Leah Spur, Markhaven, CO 54848;M;139-21-4105;gavery
9938 Keith Creek, New Adamville, ND 20619;A-;Dillon, Stokes and Kelley;Radiographer, diagnostic;dlloyd@yahoo.com;Christopher Hamilton;53586 Brenda Hollow Apt. 745, New Ericport, IA 31424;M;416-23-4733;markfigueroa
